day_count_0_25,day_count_0_5,day_count_0_75,day_count_1_0,day_count_2_0,day_count_3_0,day_count_4_0,pop_count_0_25,pop_count_0_5,pop_count_0_75,pop_count_1_0,pop_count_2_0,pop_count_3_0,pop_count_4_0,burger_0_25,burger_0_5,burger_0_75,burger_1_0,burger_2_0,burger_3_0,burger_4_0,other_0_25,other_0_5,other_0_75,other_1_0,other_2_0,other_3_0,other_4_0,pizza_0_25,pizza_0_5,pizza_0_75,pizza_1_0,pizza_2_0,pizza_3_0,pizza_4_0,org_retail_visits_0_25,org_retail_visits_0_5,org_retail_visits_0_75,org_retail_visits_1_0,org_retail_visits_2_0,org_retail_visits_3_0,org_retail_visits_4_0,unorg_retail_visits_0_25,unorg_retail_visits_0_5,unorg_retail_visits_0_75,unorg_retail_visits_1_0,unorg_retail_visits_2_0,unorg_retail_visits_3_0,unorg_retail_visits_4_0,High_0_25,High_0_5,High_0_75,High_1_0,High_2_0,High_3_0,High_4_0,Medium_0_25,Medium_0_5,Medium_0_75,Medium_1_0,Medium_2_0,Medium_3_0,Medium_4_0,Low_0_25,Low_0_5,Low_0_75,Low_1_0,Low_2_0,Low_3_0,Low_4_0,density_lvl_0_25,density_lvl_0_5,density_lvl_0_75,density_lvl_1_0,density_lvl_2_0,density_lvl_3_0,density_lvl_4_0,road_cnt_0_25,road_cnt_0_5,road_cnt_0_75,road_cnt_1_0,road_cnt_2_0,road_cnt_3_0,road_cnt_4_0,coffee_shop_0_25,coffee_shop_0_5,coffee_shop_0_75,coffee_shop_1_0,coffee_shop_2_0,coffee_shop_3_0,coffee_shop_4_0,fast_food_restaurant_0_25,fast_food_restaurant_0_5,fast_food_restaurant_0_75,fast_food_restaurant_1_0,fast_food_restaurant_2_0,fast_food_restaurant_3_0,fast_food_restaurant_4_0,ice_cream_shop_0_25,ice_cream_shop_0_5,ice_cream_shop_0_75,ice_cream_shop_1_0,ice_cream_shop_2_0,ice_cream_shop_3_0,ice_cream_shop_4_0,pizza_restaurant_0_25,pizza_restaurant_0_5,pizza_restaurant_0_75,pizza_restaurant_1_0,pizza_restaurant_2_0,pizza_restaurant_3_0,pizza_restaurant_4_0,restaurant_0_25,restaurant_0_5,restaurant_0_75,restaurant_1_0,restaurant_2_0,restaurant_3_0,restaurant_4_0,size,concept_type,city,region,target
682,2464,4089,7273,26611,42798,59421,682,2507,4093,7072,26192,41967,58323,0,0,0,0,4,14,14,0,0,0,0,0,0,0,0,0,0,0,1,3,3,0,0,0,0,0,632520,927748,18282,18282,25874,25874,101899,315596,479070,0,0,0,0,29,133,324,0,0,0,11,197,417,594,10,35,83,127,282,439,679,2.1,2.228571429,2.178571429,2.269230769,2.285335689,2.210260723,2.018274854,85,274,536,915,3250,5526,8181,0,0,0,0,0,0,1,0,0,0,0,3,6,6,0,0,0,0,2,3,6,0,0,0,0,2,4,6,0,0,0,1,3,13,14,129.5,ILDT,other,eastern_province,3683833.046
754,2155,4225,6657,25903,56247,109079,798,2225,4436,6958,26105,55766,109197,1,3,4,5,12,30,47,0,0,0,0,1,3,5,0,0,1,2,4,4,7,0,0,705,1410,152210,1737477,3616601,29578,63144,91884,120941,277981,500471,1047923,9,37,82,145,566,1191,1718,0,0,0,0,0,32,231,0,0,0,0,0,0,0,4.277777778,3.986486486,3.713414634,3.437931034,3.143992933,3.113745981,3.175417076,80,278,547,917,3740,7648,12642,0,0,0,0,0,0,1,0,1,2,3,8,20,32,1,1,1,1,3,6,11,0,0,1,3,6,7,9,1,2,2,2,2,5,11,113.4,ILDT,jeddah,makkah_region,3500566.183
1945,4185,7516,17092,78080,148992,267023,2089,4479,8152,17842,83595,158474,278863,2,4,5,7,8,17,41,1,2,2,3,4,9,14,0,2,2,3,4,10,20,175476,175476,175476,175476,178905,370363,1064131,21086,42230,42680,189547,448712,1581314,2359625,0,0,1,14,133,355,707,0,0,0,0,58,222,629,10,39,78,132,382,710,975,5.05,5.192307692,5.335443038,5.506622517,5.776559865,5.562170309,5.156606163,133,505,994,1868,6547,14023,26709,0,0,0,0,2,3,10,2,2,3,5,6,12,27,1,1,1,1,1,5,12,0,2,3,4,6,17,30,1,3,3,3,4,11,24,71.2236,FC,riyadh,riyadh_region,1680120.334
977,1400,1879,2260,5756,18850,39565,490,805,1315,1658,5136,17962,38727,9,9,9,9,10,19,25,1,1,1,1,1,2,3,0,0,0,0,0,2,3,731624,1646154,1646154,1646154,1655350,1706839,1815705,0,0,0,0,34322,221530,356380,8,34,77,121,373,817,1367,0,0,0,0,0,0,0,0,0,0,0,0,0,0,2.1875,2.338235294,2.25974026,2.035433071,1.964824121,2.499415205,2.680727023,75,242,346,434,1276,3796,7189,0,0,0,0,0,0,1,5,5,5,5,6,12,17,1,1,1,1,2,5,8,0,0,0,0,0,4,5,2,2,2,2,2,3,5,47.328,FC,jeddah,makkah_region,3671408.579
33,47,68,82,414,883,1633,25,40,64,72,484,950,1685,2,2,2,2,2,2,3,0,0,0,0,0,0,0,0,0,0,0,0,0,0,0,0,0,0,0,0,0,0,0,0,0,0,0,0,0,0,0,0,0,0,0,0,0,0,0,0,0,0,0,0,0,0,0,0,0,4.444444444,4,3.794871795,3.739583333,3.200934579,2.186507937,1.982798165,8,19,38,44,94,198,357,0,0,0,0,0,0,0,0,0,0,0,0,0,1,1,1,1,1,1,1,1,0,0,0,0,0,0,0,3,3,3,3,3,3,3,107.16,ILDT,other,eastern_province,1720838.617
1373,1713,1883,1989,3063,6619,7564,1713,2167,2391,2530,3857,8763,10000,1,1,1,1,1,5,5,1,1,1,1,4,4,4,0,0,0,0,0,0,0,0,0,0,0,0,0,0,0,0,0,0,0,0,0,0,0,0,0,0,0,0,0,0,0,0,0,0,0,0,0,0,0,0,0,0,6,3.932432432,2.782608696,2.365,1.802047782,1.60564663,1.459601874,48,159,206,243,461,744,966,0,0,0,0,0,0,0,0,0,0,0,1,4,4,1,1,1,1,1,1,1,0,0,0,0,0,0,0,1,1,1,1,2,3,3,236.21,FC,riyadh,riyadh_region,21393600.44
243,636,1183,1701,8716,19723,31270,246,664,1248,1879,9948,20915,32901,2,2,2,2,3,17,24,1,1,1,1,2,4,4,0,0,0,0,2,3,5,0,0,0,0,359500,3687808,3898465,0,0,0,0,29194,75994,135662,0,0,0,0,25,131,546,0,0,5,22,162,385,428,0,0,0,0,0,0,0,3.055555556,3.364864865,3.982142857,3.422297297,2.962014134,2.859627832,2.720891231,38,120,303,569,2913,6556,10301,0,0,0,1,1,2,5,0,0,0,0,1,7,13,0,0,0,0,0,7,8,0,0,0,0,2,5,9,2,2,2,2,6,12,14,105.8,FC,other,eastern_province,1875149.421
423,1932,3170,4954,18704,41348,72414,463,1840,3198,4833,19305,43360,74900,3,4,5,5,11,15,29,0,0,0,0,3,5,6,0,0,0,0,3,3,5,68888,116514,550237,886131,1745625,1829559,1880923,1736,3472,3472,13258,72319,284345,412955,0,0,0,0,8,112,287,5,21,44,77,288,610,953,0,0,0,0,0,0,0,3.9375,2.947368421,2.553571429,2.702054795,2.998054475,2.875943396,2.833514986,40,185,410,703,2372,4967,9269,0,1,2,2,5,9,13,2,2,3,3,7,9,15,0,0,0,0,2,5,6,0,0,0,0,3,4,6,0,1,1,1,3,4,9,824.5,FSDT,riyadh,riyadh_region,7746199.895
474,1736,4626,8339,21808,42842,56989,414,1997,5134,9043,22119,43133,57672,0,4,5,8,9,16,16,0,0,0,0,0,1,1,0,0,2,2,6,6,6,0,0,0,0,8580,8580,8580,0,0,0,0,0,0,0,0,0,0,0,0,0,0,0,0,0,0,0,0,0,0,0,0,0,0,0,0,2.181818182,2.328571429,2.392857143,2.386986301,2.333333333,2.217410714,1.945915493,102,308,736,1264,3338,5806,7426,0,0,0,0,1,1,1,0,3,4,5,5,10,10,0,1,1,1,2,2,2,0,0,2,2,6,6,6,0,2,2,4,5,6,6,879.27,FSDT,riyadh,riyadh_region,3704910.07
967,3072,7367,14681,65176,146314,254011,722,2711,6989,14536,66990,148226,258417,5,5,6,8,15,35,55,0,0,0,0,0,4,7,0,0,0,1,3,9,15,533781,593090,593090,593090,593090,1586100,2886094,0,0,32355,65290,265777,965591,1278794,0,0,0,0,0,0,161,9,37,82,142,471,932,1370,0,0,0,0,79,324,706,4.166666667,4.608108108,4.62195122,4.60915493,4.824912892,4.92007722,4.778377212,121,411,857,1430,6020,13546,23197,0,0,0,0,0,0,1,2,2,2,3,7,21,36,0,0,0,0,3,10,13,0,0,0,1,4,12,19,2,2,2,3,7,9,19,72.6,FC,jeddah,makkah_region,3990062.31
428,2961,6640,14243,44751,63590,83557,318,2979,6645,14420,45161,64829,85403,5,7,9,9,12,15,15,0,1,1,1,1,1,1,1,2,3,3,3,4,4,59888,262803,282715,300828,375230,458081,458108,38825,134507,228338,626224,1811108,1979359,2079504,0,0,0,0,0,0,0,0,0,0,0,0,0,0,0,0,0,0,0,0,0,2.75,3.013157895,3.238095238,3.496478873,3.219486081,2.804849885,2.647693452,79,368,829,1227,3163,4553,5710,0,0,0,0,0,2,2,2,2,4,4,7,9,9,0,1,2,2,2,4,4,1,2,3,3,3,4,4,4,5,6,6,7,10,10,356.292,ILDT,other,eastern_province,4561244.609
1224,2842,3196,3473,4361,6467,7190,1597,3978,4454,4819,6048,8705,9548,1,4,4,4,4,5,5,0,0,1,2,2,3,4,0,0,0,0,0,0,0,0,0,0,0,0,0,0,0,0,0,0,0,0,0,0,0,0,0,0,0,0,0,0,0,0,0,0,0,0,0,0,0,0,0,0,4.666666667,3.384615385,2.746666667,2.563063063,1.641196013,1.495967742,1.310321716,26,111,160,227,404,645,849,0,0,0,0,0,0,1,1,3,3,4,4,4,4,0,0,0,0,0,1,1,0,0,0,0,0,0,0,0,1,1,1,1,2,3,212.706,FC,riyadh,riyadh_region,18684908.2
133,365,851,1772,14003,35546,67473,147,411,969,1977,13153,35367,68231,0,0,0,0,3,3,20,0,1,1,1,2,2,4,0,0,0,0,1,1,5,0,0,0,0,53990,124968,353750,0,0,0,0,79368,84804,248250,0,0,0,0,127,532,1047,9,34,68,118,346,577,1031,0,0,0,0,0,0,0,1.888888889,1.882352941,2.051470588,2.533898305,2.777663934,2.740105541,2.767688679,24,81,161,348,1919,4751,9314,0,0,0,0,0,0,1,0,0,0,0,0,0,9,0,0,0,0,0,0,2,0,0,0,0,2,3,8,0,0,0,0,2,2,7,137.78,FC,riyadh,riyadh_region,2739299.487
303,1127,3427,6841,23909,41573,61500,347,1260,3554,7037,23846,41679,61510,0,0,0,0,3,9,12,0,0,0,0,0,0,1,0,1,1,1,2,3,3,0,0,0,0,28615,28615,28615,0,0,2215,6645,6645,19703,19703,0,0,0,0,0,0,0,0,0,0,0,0,0,0,9,37,85,143,464,877,1253,2.444444444,2.081081081,2.158823529,2.405594406,2.539784946,2.526483051,2.408742821,30,160,341,574,1870,3755,6132,0,0,0,0,3,3,3,0,0,0,0,1,4,7,0,0,0,0,1,2,2,0,1,1,1,3,4,4,0,0,0,1,4,6,6,199.8,FSDT,riyadh,riyadh_region,4948746.424
155,509,989,1856,4845,6842,8978,151,501,996,1896,4743,6808,8784,0,1,1,1,2,3,3,0,0,0,0,0,0,0,0,0,0,0,0,0,0,0,0,0,0,0,0,0,0,0,0,0,0,0,0,0,0,0,0,0,0,0,0,0,0,0,0,0,0,0,0,0,0,0,0,0,1.15,1.355263158,1.306666667,1.333333333,1.151020408,1.029962547,1.034280118,31,99,180,300,812,1179,1492,0,0,0,0,0,0,0,0,0,0,0,0,1,1,0,1,1,1,1,1,1,0,0,0,0,0,0,0,0,0,0,0,1,1,1,240,ILDT,other,eastern_province,1720225.39
397,2725,6977,10999,40416,100585,167950,322,2827,7122,11269,41687,102465,171146,0,0,0,1,5,22,43,0,0,0,0,0,2,4,0,0,0,0,2,7,11,0,0,0,0,181524,1107277,1706353,727,21585,21585,49384,277847,570165,1082544,0,0,0,0,0,0,0,0,0,0,0,109,379,773,8,37,83,142,427,793,1236,4.25,4.432432432,4.409638554,4.365517241,4.194690265,4.048492258,3.964553991,75,249,540,957,3646,9102,15332,0,0,0,0,1,2,3,0,0,0,0,4,15,25,0,0,0,1,2,5,10,0,0,0,0,2,9,13,0,0,0,0,1,6,14,85.6,ILDT,jeddah,makkah_region,7099769.525
677,2020,4174,6693,28098,62273,92204,386,1485,3737,6254,28053,61819,92213,2,3,4,5,6,12,16,1,1,1,1,1,2,3,0,0,0,0,0,1,4,500610,969595,969595,969595,1154914,1499218,1636115,0,24167,37490,57661,307637,439011,1427462,0,0,0,0,80,126,185,0,4,15,36,178,422,671,9,29,58,99,220,357,548,2.222222222,3.486111111,2.788461538,2.904929577,2.705938697,2.657515752,2.445193929,116,294,493,798,3318,7725,11340,0,0,0,0,0,2,2,1,1,1,2,2,7,9,1,1,1,1,2,4,5,0,0,0,0,0,1,4,1,2,3,3,3,7,10,63.91,FC,other,makkah_region,3570046.962
718,2947,6646,11523,40632,68117,95107,679,2927,6734,11379,40982,68878,97646,1,3,3,3,4,6,12,0,0,0,0,0,0,1,0,0,0,0,0,0,2,0,0,0,0,0,0,0,0,0,0,0,54560,88639,141296,0,0,0,0,0,0,0,0,0,0,0,0,0,0,9,39,83,148,547,1052,1633,3,2.961538462,3.120481928,3.182432432,3.045685279,2.699846272,2.529961649,87,288,602,1011,3608,6783,9868,0,0,0,0,0,0,0,1,2,2,2,2,3,7,0,0,0,0,0,1,2,0,0,0,0,0,1,3,0,1,1,1,2,3,5,472.5,ILDT,riyadh,riyadh_region,4559121.27
893,2426,5491,8331,31415,66459,123747,548,2190,5286,8299,32235,66694,125664,5,5,7,7,10,30,50,1,1,1,1,2,4,6,1,1,1,2,4,5,18,839250,2517750,2611000,2611000,2985516,4465522,4786542,0,0,29092,30549,97876,652266,1138559,0,8,29,58,272,616,1060,0,0,1,6,93,351,754,0,0,0,0,0,0,0,2.111111111,2.256756757,2.795180723,2.932885906,3.153321976,3.104483283,3.192373977,164,523,1008,1548,4534,9960,17659,0,0,0,1,2,8,12,1,1,1,1,2,11,20,1,1,1,1,3,7,12,1,1,1,3,5,10,24,3,3,5,5,7,18,27,43.74,FC,riyadh,riyadh_region,3554867.619
30,93,108,116,162,530,1065,65,144,162,166,204,573,1133,0,0,0,0,0,0,0,0,0,0,0,0,0,0,0,0,0,0,0,0,0,0,0,0,0,0,0,0,0,0,0,0,0,0,0,0,0,0,0,0,0,0,0,0,0,0,0,0,0,0,0,0,0,0,0,0,2.083333333,1.394736842,1.267857143,1.212121212,1.075342466,1.144927536,1.213656388,11,20,36,43,93,160,247,0,0,0,0,0,0,0,0,0,0,0,0,0,0,0,0,0,0,0,0,0,0,0,0,0,0,0,0,0,0,0,0,0,0,0,192.5,ILDT,other,makkah_region,4162581.555
746,3000,4758,7984,15889,23539,37340,791,3069,4841,8116,16107,23795,38000,3,4,5,5,6,6,10,0,1,1,1,1,1,1,0,1,1,1,2,2,5,0,0,0,0,192323,192323,276499,4982,14946,14946,14946,14946,21324,45065,0,0,0,0,76,319,748,0,0,0,0,0,0,0,8,37,80,143,403,540,644,2.6875,2.905405405,2.73125,2.56993007,2.062256809,1.961500494,2.033412182,109,361,592,927,2010,3337,5743,0,0,0,0,0,0,2,1,2,3,3,4,4,5,0,1,1,1,1,1,2,1,2,2,2,3,3,6,1,1,1,1,1,1,3,348,FSDT,riyadh,riyadh_region,4956126.609
289,1708,4153,7825,32001,66499,101529,300,1692,4237,7865,31609,65438,100326,1,2,2,2,10,19,34,0,0,0,0,0,2,3,0,0,0,0,1,4,7,0,0,0,0,36216,98465,663335,1235,24683,68189,76877,193714,444981,568894,0,0,0,0,0,0,0,0,0,0,0,0,0,0,9,37,84,145,593,1307,2148,3.055555556,2.891891892,2.839285714,2.796551724,2.983979764,3.055261166,3.0694381,64,255,568,999,4490,9769,15032,0,0,0,0,2,3,3,0,1,1,1,4,10,19,0,0,0,0,1,5,7,0,0,0,0,3,8,11,1,1,1,1,5,7,12,857.25,FSDT,riyadh,riyadh_region,4650306.416
453,2046,4711,10116,40106,85382,137648,456,2069,4712,9924,40752,86310,139792,1,1,3,7,10,22,42,0,0,0,3,4,4,7,0,0,0,2,2,6,11,0,0,0,51977,84204,312424,742009,3690,18412,47308,86827,196311,436788,691916,0,0,0,0,0,38,280,9,38,75,124,391,808,1242,0,0,0,0,0,0,0,2.666666667,2.789473684,3.047619048,3.082781457,3.085448393,3.102486812,3.081445993,97,304,654,1248,4595,9622,15273,0,0,0,1,2,5,6,1,1,1,5,7,12,24,0,0,0,0,2,3,6,0,0,0,3,4,7,13,0,0,1,5,8,13,22,133.5,ILDT,riyadh,riyadh_region,4363912.422
597,2383,5277,9117,33573,65737,101588,505,2131,5115,8957,33156,65337,100731,2,2,3,5,8,19,27,1,1,1,1,1,2,3,1,2,3,3,4,6,7,17660,17660,17660,17660,23208,42562,674095,35256,59078,65750,71626,112140,251092,434283,0,0,0,0,0,0,0,0,0,0,0,0,0,0,9,37,85,147,595,1256,2091,3.444444444,3.121621622,2.764705882,2.721088435,2.918487395,2.921899529,2.858278765,77,283,681,1091,4598,9345,14713,0,0,0,0,0,4,4,1,1,2,4,6,11,15,1,2,2,3,3,5,6,2,3,4,4,6,8,10,1,1,1,1,2,8,13,472,FSDT,riyadh,riyadh_region,2954747.547
20,27,28,31,49,60,90,32,36,36,36,54,71,128,0,0,0,0,0,0,0,0,0,0,0,0,0,0,0,0,0,0,0,0,0,0,0,0,0,0,0,0,0,0,0,0,0,0,0,0,0,0,0,0,0,0,0,0,0,0,0,0,0,0,0,0,0,0,0,0,1,1.727272727,1.958333333,2.4,2.162162162,2.203703704,2.121621622,1,6,8,14,35,53,68,0,0,0,0,0,0,0,0,0,0,0,0,0,0,0,0,0,0,0,0,0,0,0,0,0,0,0,0,0,0,0,0,0,0,0,242,FSDT,other,eastern_province,1771943.505
1173,3159,6561,10782,38824,84231,139545,619,2594,6088,10140,38258,84469,141052,5,6,6,6,16,39,58,0,0,0,0,5,7,10,0,0,1,1,3,6,13,836235,1694753,1845417,1895259,2095365,3530103,5338527,0,40851,116338,174273,677622,1563089,2914878,0,0,0,4,138,462,1014,9,38,86,142,396,674,1043,0,0,0,0,32,136,175,4.111111111,4.25,3.976744186,3.923333333,3.850594228,3.893609023,3.74455361,148,438,904,1621,6041,13376,22010,0,1,1,1,4,8,11,3,4,4,4,11,25,33,1,1,1,1,2,10,17,0,0,1,1,3,10,22,2,2,2,3,6,17,28,105.716,FC,riyadh,riyadh_region,2195751.415
353,575,1019,2198,11965,30866,48833,313,476,848,2291,13191,32349,51126,2,2,2,2,8,11,17,1,1,1,2,3,4,5,0,0,0,0,1,1,3,243524,487048,852334,1156739,1482069,1791083,1900186,36783,36783,36783,36783,79211,85183,175882,0,0,0,14,120,262,376,0,0,0,0,61,292,634,0,0,0,0,0,0,0,2.1875,1.796875,1.713235294,1.800847458,2.077244259,2.421641791,2.540748163,21,66,142,274,1439,3324,5681,1,1,1,1,5,9,10,1,1,1,1,4,6,11,1,1,1,1,2,2,3,0,0,0,0,1,1,3,1,1,1,1,3,4,5,620,FSDT,riyadh,riyadh_region,5901842.671
900,3266,6320,9883,36796,83883,137663,934,3123,6165,9671,37233,84888,139871,0,1,2,2,12,19,25,0,0,1,1,1,2,2,0,0,1,2,2,2,4,0,0,0,242032,1028636,1028636,1028636,25176,43388,86942,225633,302654,511876,750269,0,0,0,0,0,0,0,0,0,0,0,0,0,91,9,35,83,144,543,1206,1829,3.111111111,3.6,3.518072289,3.465277778,3.373440285,3.664634146,3.664397378,68,240,544,909,3531,7731,12371,0,0,0,0,2,2,2,0,1,2,2,8,13,15,1,1,1,2,3,5,7,0,0,1,3,3,4,6,0,0,0,0,4,5,8,636.32,FSDT,jeddah,makkah_region,4223744.88
680,1724,3779,6774,36658,89666,168239,664,1673,3719,6710,36745,90247,169225,3,4,4,4,9,37,58,1,1,1,1,2,7,9,0,1,1,1,2,8,15,365152,502084,502084,502084,524436,1101871,2638671,0,5632,6776,7920,88983,466336,799635,0,8,23,49,247,493,696,0,0,0,0,8,232,722,0,0,0,0,0,37,165,2.777777778,2.973684211,3.030487805,3.047945205,3.028350515,3.197129909,3.216187658,86,321,634,1044,4373,10698,18667,0,0,0,0,1,5,7,3,3,3,3,5,22,31,0,1,1,1,2,6,10,0,1,1,1,4,11,19,0,2,2,2,4,19,28,64.452,FC,riyadh,riyadh_region,2157003.18
741,4314,8809,12812,33390,48233,85992,711,4476,9082,13136,34363,49248,87094,1,1,1,1,3,11,15,0,0,0,0,0,1,1,0,0,0,0,0,3,4,32260,32260,40387,40402,82273,350711,458127,5564,26139,55684,104199,451871,783427,2068736,0,0,0,0,0,0,0,0,0,0,0,0,0,0,0,0,0,0,0,0,0,3.111111111,3.202702703,3.290540541,3.388,2.95890411,2.760141988,2.627097576,92,191,473,800,2526,4320,6337,0,1,1,1,2,2,2,0,0,1,1,2,5,9,1,1,1,1,1,3,4,0,0,0,0,0,3,4,1,1,1,2,3,8,10,71.1238,FC,other,eastern_province,1663982.827
731,3866,10764,19880,70912,153807,254971,577,3568,10494,20024,70766,155207,257099,3,6,8,9,16,29,54,0,0,0,0,3,6,10,1,1,1,3,3,8,17,340504,520101,588618,593900,1049718,2143777,2909330,0,0,1328,26371,259568,996318,1841689,0,0,0,0,65,295,652,9,37,81,145,502,961,1321,0,0,0,0,0,9,267,5.333333333,5.635135135,5.845679012,5.955172414,5.246539792,5.02046332,4.758851468,124,440,974,1751,6547,14123,24191,0,0,0,0,0,0,1,2,4,6,6,13,19,35,1,1,1,1,4,9,16,1,2,2,4,4,9,20,0,0,0,0,5,11,18,84,FC,jeddah,makkah_region,3107641.275
832,4440,9232,16782,64706,147164,216905,846,4690,9568,17463,66690,155204,229698,0,0,0,0,14,36,59,0,0,0,1,7,16,18,2,2,2,2,8,16,22,0,0,12880,19320,809179,2414907,3479052,5177,148327,290982,404742,1157385,2131955,3135686,0,0,1,14,171,457,780,10,38,77,128,309,524,923,0,0,0,0,90,310,585,6.15,5.723684211,5.5875,5.619863014,5.443220339,5.097965335,4.890140246,121,511,1051,1766,7048,14612,23813,0,0,0,0,1,6,9,0,0,0,0,7,21,36,1,1,1,1,5,12,18,2,2,2,2,10,21,27,0,1,1,1,9,21,32,2150.28,FSDT,riyadh,riyadh_region,7153715.789
138,560,810,1163,3977,9431,14894,78,399,621,965,3764,9250,14759,0,4,6,6,8,10,11,0,0,0,0,1,1,1,0,1,2,2,3,3,3,12250,48564,60378,60378,62199,66033,83421,12761,74259,91902,92350,141379,201610,231549,0,0,0,0,0,0,0,0,0,0,0,0,0,0,0,0,0,0,0,0,0,2.0625,2.04,2,1.910714286,1.890432099,1.831081081,1.810800311,37,128,206,279,955,2063,3450,0,0,0,0,1,1,1,0,1,2,2,3,3,3,1,1,1,1,1,2,2,0,1,2,2,4,4,4,0,3,3,3,5,6,7,326.249,FSDT,other,eastern_province,14311814.6
475,2196,4932,8407,35630,68383,116881,475,2268,4995,8501,36259,69497,117477,3,4,4,6,11,20,45,0,0,0,0,1,3,6,0,0,0,1,2,2,6,0,23288,46576,46576,99856,475357,2127673,55282,61103,95412,116941,258086,940291,1282249,7,35,80,143,580,1306,2276,0,0,0,0,0,0,31,0,0,0,0,0,0,0,3.5,3.144736842,3.154761905,3.040268456,3.179054054,3.071050642,3.071794872,76,333,705,1171,4614,9241,15362,1,1,1,2,3,7,10,2,2,2,4,8,12,22,0,0,0,1,2,7,12,0,0,0,2,5,6,13,1,2,2,2,3,10,18,623.3,FSDT,riyadh,riyadh_region,5288221.866
223,869,1386,2014,5489,10012,21385,175,788,1315,1978,5586,9940,21460,2,4,4,4,8,9,14,0,1,1,1,1,1,1,0,1,1,2,2,2,6,19195,19195,19195,19195,25430,25436,25436,0,0,0,0,0,0,0,8,38,77,126,414,840,1332,0,0,0,0,0,0,128,0,0,0,0,0,0,0,3.375,3.118421053,2.87012987,2.765873016,2.116009281,2.152386117,2.268440145,81,272,461,699,1775,3207,5822,0,0,0,0,0,1,1,1,2,2,2,6,6,10,0,0,0,0,1,2,4,0,1,1,1,1,2,6,0,2,2,3,5,5,6,327,FSDT,jeddah,makkah_region,7464101.684
298,2245,6232,11514,51352,106173,187920,299,2012,5925,11338,51137,106792,188135,1,6,6,6,15,32,49,0,1,2,2,3,5,6,0,0,0,0,4,11,17,50649,303894,455841,465429,676769,1048164,1208546,0,9488,18369,23653,56079,390476,781658,5,21,47,83,314,524,773,0,4,11,26,129,333,657,2,8,20,31,125,265,375,2.888888889,3.094594595,3.386904762,3.273648649,3.343697479,3.308327082,3.262923729,75,311,667,1107,4688,10339,18638,1,1,1,1,1,4,8,0,2,2,2,8,14,23,0,0,0,0,3,7,11,0,1,1,1,6,13,22,1,2,2,2,7,14,24,2291.04,FSDT,riyadh,riyadh_region,5856245.102
883,3059,5844,8679,23795,54098,86147,824,2891,5641,8442,23296,53848,85935,2,2,3,5,6,14,16,0,0,1,1,1,2,3,0,0,0,0,0,3,4,0,161340,549655,969595,1152205,1511085,1636115,26705,40530,56842,58971,266626,491634,1202817,0,0,3,15,114,126,130,0,0,0,0,71,297,559,9,36,74,128,212,365,597,3.777777778,3.736111111,3.314102564,2.918367347,2.621359223,2.492488263,2.391612522,103,299,637,918,2876,6962,10559,0,0,0,0,1,1,2,1,1,1,2,2,7,9,0,0,0,1,2,4,5,0,0,0,0,0,3,4,1,2,2,3,3,8,10,240,FSDT,other,makkah_region,5886466.553
659,1402,3040,5652,32839,63970,109694,711,1434,3177,5782,33922,66957,114664,1,3,3,4,5,24,30,0,0,0,0,0,2,9,0,0,0,0,1,4,11,0,0,0,0,424012,1342412,2725589,4509,4509,4509,20941,44973,400083,1488379,0,0,5,23,268,895,1597,9,38,78,120,282,342,538,0,0,0,0,0,0,0,3.444444444,3.184210526,3.148809524,3.311643836,3.714285714,3.458690569,3.511026103,61,226,500,907,4342,8832,15640,0,0,0,0,2,4,5,0,1,1,2,3,15,19,0,0,0,0,1,4,7,0,0,0,0,1,4,11,1,2,2,2,4,11,17,310.7226,ILDT,riyadh,riyadh_region,5414249.58
1361,1910,2897,4020,18715,49588,86269,885,1379,2376,3486,19242,50942,90128,6,6,8,8,13,22,45,1,2,2,2,6,7,12,0,0,0,1,2,5,7,890784,1408890,1454991,1481773,2198685,2863288,4659865,0,0,0,4191,144372,470667,1017255,8,36,81,139,553,1110,1774,0,0,0,0,12,160,460,0,0,0,0,0,0,0,2.722222222,3.013157895,2.652941176,2.65625,2.93567753,3.019011407,2.957372771,148,277,466,744,3313,8375,14924,0,0,0,0,1,4,7,2,2,2,2,5,9,25,2,2,2,3,6,9,15,1,1,1,3,6,11,14,2,2,3,3,6,11,16,102.786,FC,riyadh,riyadh_region,5258703.869
903,3623,7853,15317,53647,120298,199959,784,3636,7792,15611,54980,121698,203003,0,0,0,0,13,29,44,0,0,0,0,2,2,4,0,0,0,0,3,5,9,0,0,0,0,0,1101636,2331377,16993,30858,42589,83447,634796,897666,1120722,0,0,0,0,0,0,0,0,0,0,0,88,336,699,9,36,81,144,454,902,1435,4.555555556,4.597222222,4.679012346,4.849315068,4.854640981,4.633900929,4.607962213,158,425,891,1495,5038,11137,18695,0,0,0,0,1,2,2,0,0,0,0,8,16,28,0,0,0,1,4,7,11,1,1,1,1,4,6,12,0,0,0,0,4,11,12,238.5,FSDT,jeddah,makkah_region,9744282.237
177,511,942,1227,2370,5283,9801,161,509,928,1278,2532,5403,10366,0,0,0,0,0,0,2,0,0,0,0,0,0,0,0,0,0,0,0,0,0,23184,34776,34776,34776,34776,34776,36159,0,991,1982,1982,2192,2192,86012,0,0,0,0,0,0,0,0,0,0,0,0,0,0,0,0,0,0,0,0,0,1.85,1.631578947,1.657534247,1.582644628,1.650137741,1.723214286,1.718608853,41,94,157,249,651,1239,2171,0,0,0,0,0,0,0,0,0,0,0,0,0,0,0,0,0,0,0,0,1,0,0,0,0,0,0,0,0,0,0,0,0,0,2,44.55,FC,other,eastern_province,2956673.866
667,1643,3653,7629,25948,43477,75818,673,1740,3849,7774,26505,43661,75319,2,3,3,3,6,6,19,1,1,1,1,1,1,1,1,1,1,1,2,2,2,0,0,0,0,1286,90020,628875,9275,9275,10498,16510,103980,103980,230146,0,0,0,0,0,0,0,0,0,0,0,0,0,0,0,0,0,0,81,241,586,3.388888889,2.666666667,2.547619048,2.510067114,2.392190153,2.385042735,2.398425597,121,287,534,886,2862,4854,8462,1,1,1,2,2,2,4,1,2,2,2,2,2,9,0,0,0,0,1,1,2,1,1,1,1,2,2,2,0,0,0,0,2,2,8,808.5,FSDT,riyadh,riyadh_region,4431961.229
626,2696,6702,11838,41316,78037,117365,621,2658,6587,11626,41426,78475,118397,0,1,1,1,3,9,19,0,0,0,0,0,1,3,0,0,0,0,0,2,4,0,0,0,0,0,0,495501,0,0,0,0,21561,33307,93199,0,0,0,0,0,0,0,0,0,0,0,6,61,245,9,37,85,150,504,862,1184,3.111111111,2.945945946,3.005882353,3.083333333,3.109841828,3.087308348,2.87998008,69,258,683,1182,4327,8229,12693,0,0,0,0,0,1,3,0,1,1,1,2,4,8,0,0,0,0,0,1,4,0,0,0,0,0,2,5,0,0,0,1,3,5,12,589.2,FSDT,riyadh,riyadh_region,4444089.887
648,3492,6656,13552,45572,106869,194179,605,3688,7291,14593,45506,107245,194430,1,1,1,4,8,18,21,0,0,0,1,1,2,3,0,0,0,0,1,3,3,12859,51436,51436,51436,59842,59842,59842,0,0,0,9465,35942,138368,182262,0,0,0,0,0,0,0,0,0,0,0,0,13,106,8,34,80,142,577,1277,2178,4,4.108108108,4.117647059,4.346666667,3.829661017,3.803951368,3.757634409,89,399,754,1294,5054,11890,21094,0,0,0,0,0,0,0,0,0,0,3,4,12,14,0,0,0,0,2,3,4,0,0,0,0,1,4,4,1,1,1,1,5,7,8,782.13,FSDT,riyadh,riyadh_region,5889554.88
371,1586,3724,6189,26792,58303,91854,301,1528,3748,6505,27319,58891,93101,0,0,2,3,13,21,29,0,0,0,0,1,2,4,0,0,0,0,2,2,6,64528,72101,87247,87247,164912,300431,601948,11958,11958,15572,45970,267995,561552,847257,12,34,84,145,568,1288,2179,0,0,0,0,0,0,52,0,0,0,0,0,0,0,2.208333333,3,3.095238095,2.934482759,2.809440559,2.793846154,2.741280353,86,201,526,822,3203,7328,12273,0,0,0,0,0,5,6,0,0,2,3,7,11,14,1,1,1,1,3,4,7,0,0,0,0,5,7,12,0,0,0,1,5,10,14,92.92,FC,riyadh,riyadh_region,7395866.405
80,186,223,244,292,339,388,108,239,275,290,326,363,408,0,0,0,0,0,0,0,0,0,0,0,0,0,0,0,0,0,0,0,0,0,0,0,0,0,0,0,0,0,0,0,0,0,0,0,0,0,0,0,0,0,0,0,0,0,0,0,0,0,0,0,0,0,0,0,0,2.555555556,1.461538462,1.261904762,1.166666667,1.545454545,1.802547771,2.050691244,11,35,48,66,121,169,226,0,0,0,0,0,0,0,0,0,0,0,0,0,0,0,0,0,0,0,0,0,0,0,0,0,0,0,0,0,0,0,0,0,0,0,287.5,ILDT,other,riyadh_region,5527220.198
366,1464,3720,8722,35799,81385,155157,352,1479,3934,9081,36586,81565,154614,0,0,0,1,7,19,40,0,0,0,0,1,1,7,0,0,0,0,2,7,14,0,0,0,0,0,110035,1536992,0,0,52637,67512,161632,420944,552949,0,0,0,0,0,1,71,0,0,0,0,90,394,974,9,38,82,145,488,895,1247,3.777777778,3.302631579,3.396341463,3.527586207,3.38034188,3.580242241,3.680532095,53,204,490,1015,5011,11513,20648,0,0,0,0,1,6,8,0,0,0,1,4,11,23,0,0,0,1,3,8,13,0,0,0,0,2,9,15,0,0,0,0,3,8,16,765.426,FSDT,riyadh,riyadh_region,6592219.072
332,2232,4558,9099,37083,80059,129480,279,2103,4533,8960,37136,81018,133341,1,2,2,2,10,27,41,0,1,1,1,1,4,8,0,1,1,1,4,10,12,17497,106909,126333,126333,1941589,4577038,4760466,5460,22606,66477,126874,362977,781351,1023794,9,37,83,142,498,762,1140,0,0,0,0,64,307,601,0,0,0,0,0,75,166,2.777777778,2.959459459,2.860465116,2.963087248,3.133613445,3.147727273,3.229781772,92,330,729,1241,4926,10956,18504,0,1,1,1,1,6,9,0,0,0,0,3,7,15,0,1,1,1,3,6,12,0,1,1,1,6,14,17,1,1,1,1,5,18,23,325.5,FSDT,riyadh,riyadh_region,4917858.605
565,1116,2232,3577,18896,50971,88307,452,995,2025,3184,18400,50456,87692,5,5,5,5,7,14,29,0,0,0,1,1,1,3,0,0,0,0,2,3,9,310569,532404,532404,560804,567904,567904,599317,0,0,0,0,120942,251228,586033,0,0,0,0,0,0,0,0,0,0,0,0,0,0,6,26,63,119,421,850,1411,3.5625,2.564516129,2.514084507,2.688461538,2.798582996,2.75802139,2.707759061,64,157,341,631,2359,5802,10872,0,0,0,0,1,2,5,3,3,3,3,3,8,15,0,0,0,0,2,3,6,0,0,0,0,2,5,12,3,3,3,3,4,5,12,75.4,FC,riyadh,riyadh_region,1536145.669
481,1501,3516,6466,23186,61818,122300,460,1577,3531,6511,23500,61726,122549,1,1,1,2,5,30,42,0,0,0,0,1,4,5,0,0,0,0,2,10,15,0,0,14124,70620,87360,3113505,4613084,11838,22709,28871,59319,187871,919865,1294363,2,14,35,63,251,539,900,4,17,39,69,277,632,1103,0,0,0,0,0,0,0,4.666666667,4.054054054,3.755952381,3.724489796,3.494652406,3.586356467,3.516285211,73,288,616,1045,3858,9836,17718,1,1,1,1,5,10,12,0,0,0,0,1,12,20,0,0,0,0,1,6,9,0,0,0,0,2,15,20,1,1,1,2,4,15,18,1824,FSDT,riyadh,riyadh_region,6100193.009
468,1701,4413,8142,29205,70779,132319,443,1877,4688,8377,29694,71576,133555,0,0,0,2,9,35,57,0,0,0,0,1,4,9,0,0,0,1,3,9,15,0,0,14260,767390,2660638,3507860,5437199,1457,2914,10187,34919,84366,418136,1048448,2,15,37,64,278,531,900,0,0,0,0,28,352,854,0,0,0,0,0,0,5,3.055555556,2.885714286,2.888235294,2.976190476,2.981260647,3.190167683,3.202022375,100,316,699,1278,4253,9858,17949,0,0,0,0,2,6,13,0,0,0,1,3,16,25,1,1,1,1,2,8,10,0,0,0,1,3,10,22,0,0,0,0,6,19,25,143.55,FSDT,riyadh,riyadh_region,5237130.225
356,1185,1997,3666,12622,30131,61077,251,1063,1858,3449,12477,28847,60921,2,4,4,4,5,20,34,0,1,1,1,1,3,3,0,0,0,0,0,3,6,49062,49764,50466,50466,50715,2783780,3429767,9180,21021,22450,27670,46599,83772,369528,9,38,80,140,473,925,1366,0,0,0,0,0,26,121,0,0,0,0,0,0,0,3.277777778,2.986842105,2.86875,3.010714286,2.955512573,2.87532694,2.851842504,79,261,457,801,2563,5489,9510,0,0,0,0,0,0,0,2,3,3,3,3,14,25,1,1,1,1,3,6,9,0,0,0,0,1,4,8,0,0,0,0,1,4,7,52.29,FC,jeddah,makkah_region,1001306.75
378,2232,4936,9561,39011,73630,107081,330,2073,4742,9130,38337,73021,106550,0,1,3,6,10,21,32,0,1,1,1,1,4,5,0,1,2,2,3,5,5,0,34036,67845,101880,369305,715390,871122,899,33407,61809,64819,423545,682494,1013960,9,38,83,148,590,1213,1927,0,0,0,0,0,50,201,0,0,0,0,0,0,0,3.944444444,3.486842105,3.391566265,3.226351351,3.222881356,3.128115265,3.014324693,90,377,749,1208,4481,8917,13586,0,0,0,0,1,6,7,0,1,2,2,3,9,15,0,2,2,2,4,6,8,0,1,2,2,4,9,10,0,0,1,2,5,8,13,1305,FSDT,riyadh,riyadh_region,9467023.014
93,300,764,1298,6820,21312,38957,87,306,765,1330,6829,22171,39553,0,1,1,1,2,3,4,0,0,0,0,0,1,1,0,0,0,1,2,3,6,0,0,0,0,0,0,0,0,0,0,0,0,0,0,0,0,0,0,0,0,0,0,0,0,0,0,0,0,0,0,0,0,0,0,0,2.388888889,2.777777778,3,2.92962963,2.893246187,2.654601861,2.413692218,56,190,363,520,1651,3341,5893,0,0,0,0,0,1,1,0,0,0,0,1,2,5,0,0,0,0,1,4,6,0,1,1,2,3,4,8,0,1,1,2,4,10,15,47.872,FSDT,other,eastern_province,3361202.912
200,230,522,674,1564,5322,9385,207,244,569,758,1725,5524,9496,1,1,1,1,1,2,2,0,0,0,0,0,0,0,0,0,0,0,0,0,0,0,0,0,0,0,0,31025,0,0,0,0,2180,8532,84176,0,0,0,0,0,0,0,0,0,0,0,0,0,0,0,0,0,0,0,0,0,4.833333333,3.25,2.575,2.4296875,2.230593607,2.193205945,2.014112903,10,28,60,97,369,807,1309,1,1,1,1,1,2,2,0,0,0,0,0,0,0,0,0,0,0,0,0,0,0,0,0,0,0,0,0,1,1,1,1,1,2,3,253,ILDT,other,eastern_province,2933836.413
282,1332,3239,6650,30850,59077,104643,250,1262,3384,6975,32966,62063,107989,0,0,1,3,12,19,31,0,0,0,0,2,3,6,0,0,0,1,4,7,10,8183,48376,64020,71842,132404,420749,1041321,0,22304,42836,83294,280787,468965,845428,4,20,47,95,404,838,1448,0,0,0,0,0,50,187,0,0,0,0,0,2,66,2.9,2.907894737,2.860759494,2.891156463,3.054700855,3.097188755,3.115760112,67,242,518,954,3586,7909,14213,0,0,0,0,0,1,4,0,0,0,1,4,6,10,0,0,1,1,3,5,7,0,0,1,2,5,8,12,0,0,2,2,5,10,15,357.5,FSDT,riyadh,riyadh_region,5528221.089
653,1697,3516,8786,44233,95070,149696,360,1608,3525,8936,44528,96384,151874,1,1,1,2,15,20,33,0,0,0,0,1,2,2,0,1,1,2,2,4,7,544572,1028636,1028636,1028636,1028636,1028636,1621726,0,6644,9258,20328,342491,733836,1025241,0,0,0,0,0,0,0,0,0,0,0,0,51,301,8,30,71,130,556,1142,1703,2.45,2.914285714,3.1375,3.542553191,4.066086957,3.963453815,3.856385542,89,221,430,833,4161,8426,14034,0,0,0,0,0,2,2,0,0,0,1,10,12,19,0,0,0,0,4,6,7,1,2,2,3,3,5,9,1,1,1,1,5,7,12,79.2,FC,jeddah,makkah_region,4845120.086
900,2831,4741,9079,38086,75728,123004,718,2201,3964,8411,37723,78294,127427,4,7,8,8,16,37,67,0,1,1,1,4,8,18,0,0,0,0,1,6,10,482675,1206627,1385041,1388109,1901112,4482533,7852039,0,48942,156600,322008,952590,1512928,2331195,2,13,35,66,291,680,1191,5,20,45,73,284,563,902,0,0,0,0,0,27,124,4.722222222,4.166666667,3.976190476,3.786206897,3.590219224,3.703160271,3.628398792,100,426,903,1476,6044,12568,20210,0,1,1,1,5,9,12,2,5,6,6,11,24,38,1,2,2,3,6,8,18,0,0,0,0,4,11,18,1,2,2,2,6,16,27,1194.9925,FSDT,riyadh,riyadh_region,9502626.391
711,2911,5993,9498,26304,46848,61531,633,2552,5718,9104,25072,45077,59267,6,7,7,8,8,13,14,0,0,0,0,1,1,2,1,2,3,3,4,7,8,0,0,0,16452,31160,37642,37642,80671,181869,206145,249686,295610,308270,317153,0,0,0,0,0,0,0,9,38,84,146,505,910,1164,0,0,0,0,39,166,404,3.444444444,3.052631579,3.172619048,3.167808219,3.198594025,3.030381944,2.809949693,83,306,649,1099,3244,5731,7584,0,0,0,0,0,1,1,4,5,5,5,5,7,9,0,0,0,1,2,3,3,1,2,3,3,4,7,8,1,1,1,2,2,9,9,1464,FSDT,riyadh,riyadh_region,4945607.03
596,2875,5416,10959,34388,72780,124306,610,2838,5501,11457,35326,73740,126493,2,7,7,8,13,31,49,0,1,1,1,1,7,9,0,1,1,1,3,7,8,0,0,0,0,21390,3253332,3682269,3506,67858,89054,111662,291749,432356,597792,0,0,0,0,1,231,698,2,12,33,66,263,566,885,0,0,0,0,0,0,0,3.3125,3.72972973,3.404761905,3.27,3.08650519,3.245970837,3.170043103,84,372,864,1444,4366,9722,16291,0,1,2,2,3,6,10,2,4,4,4,6,16,26,0,1,1,2,3,8,11,0,1,1,1,4,10,12,0,4,5,5,6,15,24,424.2,FSDT,riyadh,riyadh_region,3692575.783
344,679,866,1112,2453,5282,6445,467,893,1093,1411,3068,5781,6922,0,0,0,0,0,0,0,0,1,1,1,1,1,1,0,0,0,0,0,0,0,0,0,0,0,0,0,0,0,0,0,0,0,0,0,0,0,0,0,0,0,0,0,0,0,0,0,0,0,0,0,0,0,0,0,0,3.666666667,2.416666667,1.866197183,1.751937984,1.276566757,1.26344086,1.165545087,143,292,447,637,1010,1459,1621,0,0,0,0,0,0,0,0,0,0,0,0,0,0,0,1,2,2,2,2,2,0,0,0,0,0,0,0,0,0,0,0,0,0,0,80.545,FC,other,makkah_region,4371165.452
403,1654,2452,3784,16886,45419,106731,166,1197,1856,3120,15559,42991,106075,0,0,1,1,5,8,28,0,0,0,0,3,4,6,0,0,0,0,1,3,7,38783,101477,159711,202258,397090,814715,1736978,1567,7860,19665,47523,271146,616953,1492254,8,36,83,142,546,1206,1735,0,0,0,0,0,8,219,0,0,0,0,0,0,29,2.5625,2.277777778,2.120481928,2.278169014,2.543956044,2.666802944,2.968579911,78,217,427,705,2822,7031,13246,1,1,1,1,1,2,2,0,0,0,0,5,9,20,0,0,0,0,2,4,11,0,0,0,0,1,3,8,0,0,0,0,1,4,11,31.08,FC,jeddah,makkah_region,3081896.126
179,700,2270,4159,17202,34498,61087,134,546,2273,4168,16950,34331,60085,0,0,1,1,11,14,18,0,0,0,0,0,0,0,0,0,1,1,3,4,5,0,0,60533,171945,986193,996054,998214,0,6725,92347,228505,321667,422935,788410,5,19,40,68,287,471,573,0,0,0,0,0,88,244,2,16,31,48,154,404,803,3.25,2.828947368,2.432926829,2.266917293,2.381086142,2.213215859,2.148874935,62,152,320,482,2501,5193,8467,0,0,1,1,1,2,2,0,0,0,0,4,6,9,0,1,1,1,3,4,7,0,0,0,0,4,5,10,0,0,1,1,8,11,17,258.1,FSDT,other,eastern_province,6080016.839
495,1572,3202,5470,14387,26140,43505,430,1428,3113,5327,14073,25574,42848,1,1,2,2,6,8,9,0,0,0,0,0,1,1,0,0,0,0,2,2,6,0,0,0,0,0,0,0,5412,5412,5412,5412,33631,82917,82917,0,0,0,0,0,0,9,10,39,78,142,482,946,1525,0,0,0,0,0,15,34,3.6,3.397435897,3.442307692,3.242957746,2.704356846,2.480673935,2.44800235,61,239,407,681,2097,3988,6366,0,0,1,1,2,4,4,0,0,1,1,3,3,4,1,1,1,1,2,3,4,0,0,0,0,1,1,4,1,1,1,1,3,4,4,248,ILDT,jeddah,makkah_region,3156810.233
1008,3698,7310,13055,54199,106800,184846,839,3679,7275,12884,54267,106706,185723,4,6,6,6,14,34,44,1,1,1,2,2,5,6,0,0,0,0,5,10,15,405192,455841,455841,455841,494193,1051682,1207284,2758,8274,15004,23653,64546,464497,769076,0,7,26,50,265,512,795,8,18,34,57,189,426,751,0,8,18,32,122,247,352,3.666666667,3.864864865,3.48255814,3.282312925,3.3693086,3.341966967,3.292972058,106,334,672,1140,4699,10472,18472,0,1,1,1,1,4,7,1,2,2,2,7,16,21,0,0,0,0,2,7,9,1,1,1,1,7,13,18,1,2,2,2,6,14,23,91.35,FC,riyadh,riyadh_region,4235826.351
786,1985,3371,6637,23024,48635,99516,640,1917,3360,6799,23496,49563,101899,3,4,4,4,4,5,9,1,1,1,1,1,1,1,0,0,0,0,0,2,4,0,0,0,0,0,0,0,200498,207884,207884,207884,207884,339495,496370,0,0,0,0,0,0,0,0,0,0,0,0,0,0,9,31,66,122,519,1173,1934,2.944444444,3.013513514,3.341772152,3.195035461,3.096601073,2.931873479,2.852634195,95,277,448,773,2918,6485,11385,0,0,0,0,1,1,1,2,3,3,3,3,5,9,2,2,2,2,2,2,2,0,0,0,0,0,4,6,2,2,2,2,2,2,2,57.2936,FC,jeddah,makkah_region,1360115.178
139,256,432,927,2861,4628,6661,142,286,463,1010,2883,4664,6617,1,1,1,2,2,2,2,1,1,1,1,1,1,1,0,0,0,0,0,0,0,0,0,0,0,0,0,0,0,0,0,0,0,0,0,0,0,0,0,0,0,0,0,0,0,0,0,0,0,0,0,0,0,0,0,0,2.055555556,1.263888889,1,1.182926829,0.878640777,0.823019802,0.795594714,36,60,82,149,338,602,817,0,2,2,2,2,2,2,0,0,0,1,1,1,1,0,0,0,0,0,0,0,0,0,0,0,0,0,0,1,1,1,1,1,1,1,113.42,ILDT,other,makkah_region,4849626.559
135,706,1535,3211,14522,37791,70922,153,900,1683,3427,14918,38697,71887,0,0,0,0,1,3,12,0,0,0,0,0,2,3,0,0,0,0,0,1,2,0,59340,118680,243197,1614379,1620699,1819343,0,0,0,0,0,34128,158953,0,0,0,0,0,0,0,5,19,44,77,251,390,675,1,12,33,54,278,757,1295,2.055555556,2.675675676,2.8,2.895104895,2.71886121,2.964579901,3.061195446,66,245,462,790,2994,6698,11427,0,0,0,0,0,0,1,0,0,0,0,1,2,8,0,0,0,0,1,2,3,0,0,0,0,0,1,3,0,0,0,0,0,2,5,845.58,FSDT,riyadh,riyadh_region,5988113.922
552,1348,2061,3557,14906,34962,70718,531,1247,1896,3373,14450,38488,78158,3,5,5,6,14,19,35,1,1,1,1,5,8,14,1,1,1,1,4,5,7,5990,11980,43912,464549,2736029,2773376,4053572,19415,30656,30656,30656,60555,235090,506445,9,33,66,116,449,995,1664,0,1,7,19,99,250,467,0,0,0,0,0,0,62,3.666666667,3.307692308,3.03164557,2.724489796,2.602966841,2.690420561,2.797774869,77,287,488,819,2956,6899,13114,0,0,0,0,0,3,7,2,3,3,3,5,9,18,0,1,1,1,6,8,12,2,2,2,2,7,9,12,0,1,1,1,5,8,15,1158.75,FSDT,riyadh,riyadh_region,6748806.304
531,1809,4606,8182,31002,59622,88520,436,1664,4546,8117,30655,59356,88077,0,0,0,1,8,15,19,0,0,0,0,0,1,1,0,0,0,0,1,2,6,0,0,0,8290,24902,42562,42562,26694,39628,39628,39628,72891,154864,264704,0,0,0,0,0,0,0,0,0,0,0,0,0,0,9,37,83,145,569,1229,2012,2.722222222,2.986486486,2.921686747,2.733108108,2.742346939,2.690268987,2.569364162,88,339,694,1263,4421,8162,11721,0,0,0,1,2,3,3,0,0,0,0,3,8,10,0,0,0,0,1,4,5,0,0,0,0,1,3,8,0,0,0,2,6,8,10,390.72,FSDT,riyadh,riyadh_region,3608354.927
200,1149,2023,3027,9300,15683,25853,193,1074,1923,2932,8981,15504,25398,0,1,1,2,6,7,17,0,0,0,0,0,1,2,0,0,0,1,2,2,4,1152,9975,55113,68711,200353,247470,2173847,0,0,7746,16576,49392,69683,88431,9,35,83,145,449,829,1203,0,0,0,0,0,0,0,0,0,0,0,0,0,0,3.833333333,3.071428571,2.891566265,2.865517241,2.710679612,2.473214286,2.472073678,62,223,470,757,2322,3977,6141,0,0,0,0,0,0,0,0,1,1,2,5,6,11,0,0,0,1,2,4,6,0,0,0,1,2,2,5,0,0,0,0,0,0,3,623.9233,FSDT,jeddah,makkah_region,8665245.647
410,2488,4303,6711,31467,69899,131833,336,2287,4076,6391,30967,69806,132774,1,2,2,5,10,17,34,0,0,0,0,1,2,4,0,0,0,0,3,10,14,88038,88038,88038,93554,402286,735228,921115,10404,17914,30754,54221,348193,529220,926005,0,0,0,0,43,257,419,8,31,71,121,399,706,1273,0,0,7,17,117,301,574,3.833333333,3.694444444,3.782352941,3.895973154,4.098662207,4.085466867,4.125688851,122,433,854,1415,5777,11915,20975,0,0,0,2,2,5,12,1,2,2,4,8,12,20,1,1,1,3,6,8,12,0,0,0,0,3,12,15,0,0,0,1,5,8,16,46.904,FC,riyadh,riyadh_region,1749022.339
75,213,259,305,1037,2656,4751,56,192,232,277,992,2669,4841,0,0,0,0,0,0,1,0,0,0,0,0,0,0,0,0,0,0,0,0,0,23912,34160,34160,34160,34160,34160,34160,0,0,0,0,0,0,0,0,0,0,0,0,0,0,0,0,0,0,0,0,0,0,0,0,0,0,0,0,1.95,1.883333333,1.764150943,1.595238095,1.029900332,0.861685215,0.913559322,12,39,64,86,218,443,689,0,0,0,0,0,0,0,0,0,0,0,0,0,0,0,0,0,0,0,0,0,0,0,0,0,0,0,0,0,0,0,0,0,0,1,98.4,FC,other,riyadh_region,1673505.016
2521,9010,13679,21983,63807,133657,194202,2649,10296,15131,24122,67939,139379,204756,2,3,3,5,11,19,37,0,0,0,0,3,6,12,1,1,1,1,4,8,16,0,0,0,36010,211771,336138,1640078,1031,1031,3018,22262,252753,632494,1733186,0,0,0,0,0,0,85,0,0,0,10,234,709,1400,9,37,84,132,334,545,728,4.5,4.702702703,4.482352941,4.731543624,5.192176871,5.226181255,5.141629956,87,327,780,1385,5649,12888,21609,0,0,0,0,2,3,6,2,3,3,4,8,13,23,0,0,0,0,4,8,12,1,1,1,2,7,14,23,0,0,0,1,7,11,21,153,ILDT,riyadh,riyadh_region,4248923.765
1005,1860,2656,3506,27794,81403,177378,633,1250,1827,2586,28443,84961,183309,2,7,8,8,13,24,41,0,0,0,0,0,1,1,0,0,0,0,2,4,7,811865,2074755,3160385,3703200,4258887,4668372,4858985,0,0,0,9937,202390,387716,2230977,0,0,0,0,0,0,0,9,37,79,142,534,972,1314,0,0,0,0,17,274,867,5,4.256756757,4.398734177,4.591549296,4.684021544,4.284591195,4.17432196,153,307,499,739,3291,7956,16688,0,0,0,0,1,2,2,2,4,5,5,7,17,28,0,1,1,1,2,4,7,0,0,0,0,4,6,10,2,5,5,5,6,6,11,45.1,FC,jeddah,makkah_region,3774559.615
